label,filename
0,TEST1
1,TEST2
0,TEST3
0,TEST4
0,TEST5
0,TEST6
2,TEST7
3,TEST8
1,TEST9
0,TEST10
2,TEST11
0,TEST12
0,TEST13
0,TEST14
0,TEST15
0,TEST16
0,TEST17
0,TEST18
2,TEST19
2,TEST20
2,TEST21
0,TEST22
1,TEST23
0,TEST24
1,TEST25
0,TEST26
1,TEST27
0,TEST28
1,TEST29
0,TEST30
0,TEST31
0,TEST32
1,TEST33
0,TEST34
0,TEST35
2,TEST36
0,TEST37
0,TEST38
1,TEST39
0,TEST40
0,TEST41
0,TEST42
0,TEST43
0,TEST44
0,TEST45
0,TEST46
1,TEST47
1,TEST48
3,TEST49
0,TEST50
0,TEST51
3,TEST52
0,TEST53
0,TEST54
0,TEST55
0,TEST56
1,TEST57
2,TEST58
0,TEST59
0,TEST60
0,TEST61
0,TEST62
0,TEST63
0,TEST64
0,TEST65
1,TEST66
0,TEST67
0,TEST68
0,TEST69
0,TEST70
0,TEST71
0,TEST72
2,TEST73
1,TEST74
0,TEST75
0,TEST76
1,TEST77
0,TEST78
0,TEST79
2,TEST80
0,TEST81
0,TEST82
0,TEST83
0,TEST84
0,TEST85
0,TEST86
0,TEST87
0,TEST88
0,TEST89
0,TEST90
0,TEST91
0,TEST92
2,TEST93
0,TEST94
0,TEST95
0,TEST96
0,TEST97
0,TEST98
0,TEST99
2,TEST100
0,TEST101
1,TEST102
0,TEST103
0,TEST104
1,TEST105
0,TEST106
1,TEST107
2,TEST108
1,TEST109
0,TEST110
0,TEST111
1,TEST112
0,TEST113
0,TEST114
0,TEST115
2,TEST116
0,TEST117
0,TEST118
0,TEST119
1,TEST120
2,TEST121
0,TEST122
0,TEST123
0,TEST124
2,TEST125
0,TEST126
0,TEST127
0,TEST128
0,TEST129
0,TEST130
0,TEST131
0,TEST132
0,TEST133
0,TEST134
0,TEST135
0,TEST136
0,TEST137
0,TEST138
0,TEST139
0,TEST140
0,TEST141
0,TEST142
